{
    "cameras": {
        "front": {
            "extrinsics": [
                1.0,
                0.0,
                0.0,
                0.0,
                0.0,
                1.0,
                0.0,
                0.0,
                0.0,
                0.0,
                1.0,
                0.0
            ],
            "distortion": [
                -0.011886546596091051,
                -0.02863107315081078,
                0.0025107053803643054,
                0.0010849364165679066,
                0.008870908748650503
            ],
            "intrinsics": [
                495.20902703336435,
                495.23586772194244,
                631.4179638634058,
                303.1332927610621
            ],
            "path": "20240608/CAMERA_FRONT/1728369900025.jpg",
            "instances": {}
        },
        "left": {
            "extrinsics": [
                0.5,
                0.0,
                -0.8660253882408142,
                -0.08250000327825546,
                0.0,
                1.0,
                0.0,
                0.0,
                0.8660253882408142,
                0.0,
                0.5,
                -0.032499998807907104
            ],
            "distortion": [
                -0.003910236409631591,
                -0.036383738505091155,
                0.002603875380623272,
                -0.00126590944945352,
                0.01115915905540454
            ],
            "intrinsics": [
                499.50982493720164,
                498.5980545415606,
                609.8030526531063,
                329.36434128274095
            ],
            "path": "20240608/CAMERA_LEFT/1728369900037.jpg",
            "instances": {}
        },
        "right": {
            "extrinsics": [
                0.5,
                0.0,
                0.8660253882408142,
                0.08250000327825546,
                0.0,
                1.0,
                0.0,
                0.0,
                -0.8660253882408142,
                0.0,
                0.5,
                -0.032499998807907104
            ],
            "distortion": [
                -0.011998737144186871,
                -0.02746203441879069,
                0.0007218838890346849,
                0.0019970579654117943,
                0.007573632457734349
            ],
            "intrinsics": [
                493.30853029996155,
                493.5557408421092,
                601.7854888893758,
                313.41320681917404
            ],
            "path": "20240608/CAMERA_RIGHT/1728369900033.jpg",
            "instances": {}
        }
    },
    "lidars": {
        "top": {
            "extrinsics": [
                0.0,
                1.0,
                0.0,
                0.0,
                0.0,
                0.0,
                1.0,
                -0.1550000011920929,
                1.0,
                0.0,
                0.0,
                -0.03500000014901161
            ],
            "path": "20240608/LIDAR/1728369900000.ply",
            "instances": {}
        }
    },
    "token": "1728369900000",
    "instances": {}
}